File_ID,Label
df1c689f-2589-4c85-9d9b-963b7e024f5e,0
7ce07656-1df5-449f-8a6a-09caf5896cc4,1
c1c4791b-ccc7-4bc2-b035-880ce65e32c0,1
35149ddc-8c75-4a49-bc03-ba09b55dbb71,0
11970160-7d34-468f-909a-23d73fda9f0a,0
c4d6fd05-942f-497b-b42e-2c37baa64a98,0
6f06c18e-0781-4c86-b32a-477d8b3049ad,1
2b270967-a016-4a6c-97c4-a17f1cdfd3f9,0
73aa19ba-bc6c-4306-9070-d29bfc40c937,0
1258e748-454f-4a97-9dae-0c709e7fcff6,0
2d0bcf45-4be8-4cb9-985e-74180dbcc27e,0
1061dbab-935f-47b6-934e-888de7504d53,1
2de52b3d-7a57-4994-be26-2caff2a548c7,0
36013ef5-ac76-46ed-bd83-1e8e23973f03,0
5706fb1e-1dc2-4e7e-b49f-6104d99aff0b,1
1b7096c3-a1f3-4c2b-ab47-93d9fd9b54ba,0
2b15e021-394e-4ec7-b949-1dea17f55fb5,1
93f7ee03-6daa-4a00-8742-2a537dea30d2,1
fe610dea-7c9b-4608-a0dc-c0b878c852fd,0
0de2e70d-b154-43d9-bfea-0590c8f56365,1
eef99306-3b42-47a2-9dc8-f70657552229,0
5a293344-73e1-4850-adff-bcff54b64493,0
e8e076e5-3b9c-4888-9bc1-ee3af2ea7957,0
072769a1-38b1-4c26-a6bb-c1e832e286f4,0
84cd0013-aaf4-4e70-b4c9-06822e64d509,0
7db703da-a308-4c77-b753-1706c25b06d9,0
e03851e6-3afa-4586-9ac3-32c54b0492fe,0
15b9db59-5ced-4ff4-8921-36cf44c52b3a,1
513de618-3e21-4692-a0a2-913436aa7a80,1
7d79a6ab-9f14-48b8-a84a-65c21856cea4,1
7ed83738-5a9a-45d1-a664-d2a4e268e6e2,0
9eead228-116c-4ac1-bf93-b657fdbc926a,0
eb2db854-bc1e-4095-a270-78c1f8718c61,0
6bc015e0-b060-48cc-8552-2baf89ec3f5a,0
a202620e-4638-4feb-b5f9-6f9bfbc7b073,0
9c853dc5-538d-49b1-a461-24975a557d84,0
c45e50c2-6c9d-4884-bca6-2de9f44eec80,1
bea7eb9f-2b32-4fb7-b0df-fb8668c0cb7f,1
6084a362-434a-49ce-85af-532acf72a498,0
9e772f0c-2643-4299-9a45-c2f69a110e3d,0
4062cecf-f32a-4721-a118-e8fcf7639d53,1
02ebf442-7a26-466e-b30f-7061cd080535,1
920ccac1-c3cd-4901-8421-33340e0aef5e,1
ef5bfafb-256f-41ab-9889-3aaa625acfef,1
873e9c98-47d1-4277-b974-eb212794d24d,0
d9e98997-b837-49f8-81d7-3be51d2ef789,1
727935f7-7ee1-44fb-95d1-a4b470321299,0
0910d970-6950-4c09-9648-876dd4d42566,1
8ea2901f-5370-44ff-8b09-01b7cd6a6373,1
29431ed5-2693-4de4-b7ba-72793091839d,1
b0b05c84-d27e-4630-9ad8-774e0348c42b,1
fd7c1b68-91bb-4016-99f7-2265a9fb0db0,1
69d8f188-16fe-4daf-81fa-7c42c8b05212,0
3182fcf2-f060-43c0-a585-10a2587b159d,1
a6126792-0006-4c4c-bb82-592433e8e5e2,0
c0be9cb6-ebd7-40e6-9281-d359ee0b4c70,0
4a2f1013-10b3-4928-a2a8-ac327a3fbe89,0
0af94d12-9cfd-4645-b57d-1d3d4ca833a5,1
bbc1ca05-18ea-4112-a390-aa2bb1a37ed2,1
f1dd34bc-3246-4779-bb9c-969263a0e47d,0
46b43bbd-9939-4e21-a652-131678083a21,0
744ca52b-5c81-4e52-bf8b-24008f36c2ef,1
49944b90-6569-472c-8caf-100791831388,1
5a15bc00-7352-4de0-ade7-2b1829ac7204,0
cdf8a948-4eca-44cb-8201-016a7b2a02c5,1
41181cc5-5255-4389-a5f5-74ec0f95cda9,1
c68da4b4-f353-4594-ab6a-ebadfd201607,0
0d37b8b1-6f73-4b7b-839c-c8fd7d216636,1
05975584-b51e-4134-9be8-51c3c0dc15c1,0
2e0cd52c-7ede-45d4-9c6b-4906bca9eb34,0
bc44ae2a-d49e-47ad-9f5f-a43a032a1195,0
805d9ea3-e791-44ca-8bd8-fed5e2c0ff67,0
b39ef871-4bd6-41a0-86b9-4297b8217ad9,0
e3795dc6-fbb4-4132-b2d4-94cdac01f3bf,0
4e734c10-ce70-4aea-a692-c9eb66e5da3c,1
9025e042-09cb-4b47-8783-dc32d14840c9,1
b62f1b9d-6ae9-43d5-9df1-95ab42a01355,1
4ce346b2-9fab-455d-bdec-0c9505488b60,0
e26fc8e5-338a-40b6-8871-8bed07f59354,0
219dd261-3c4b-41e9-b3da-9893a8658266,1
7a5ee09c-e71a-4309-afe4-7de2435bc60f,0
b20e7d9b-f2f9-4356-9ea2-4711b6678612,1
23cf4058-d697-45f8-b16d-107e9e0e6b2d,1
7598aab2-0ca6-43cd-b659-34e728de709e,0
36662e05-80d5-435d-aabb-72e91be43798,1
08f7ab34-8b6f-4e29-b3ca-0b97fee675ee,0
6f744d1e-fcaf-4b4f-bef4-cf488290771a,1
aeb60cf7-14b2-4bed-8fbc-52ec4f67f39c,0
682c24d3-531e-4fc9-b802-2ffb5962c042,0
c8f245e0-638b-479c-a361-c8aa27955c36,1
077d40e4-eab2-4e66-a8b8-4078e249417e,1
fa01a3d3-e178-43d7-9c62-395019364cc1,1
0dba355a-00a4-49f2-acb6-b0b009997b4e,1
594a7202-48c1-47d2-9e60-82e51ef91e09,0
f78bd054-1785-40e0-bcf2-f8ff82206666,0
4dd61c1a-3708-4ddf-bd9f-81d7c750615c,1
824aef5f-4b79-4729-8d8e-99fd1012e502,1
6f13464f-6eef-4d53-b810-fb7260184b16,0
3b5ebb1a-7d7d-4be8-af68-f7c4b1a3176d,0
5d680132-6c15-4a0d-9b4a-b29d97bb63f3,0
fb0e7e2a-c67b-4af3-9085-e958a00e45d2,0
3f45eba2-ad4e-405a-9674-a51953adad6b,1
09622b2c-5e21-4906-b23a-a4115797ca22,1
754907a6-1340-4ab9-b24a-c1051a812a99,0
c345f491-15b3-4424-99e5-e89b08553c5f,0
785fcfa5-e68d-4bf0-baca-be555ca97413,1
d1f04ba4-55b2-4a70-9009-fed25a58f022,0
7b487cfe-fabd-48ea-a9f7-106c852ae07d,0
d16ce53e-1362-49c1-a971-efd3e54d6baf,1
144f18d9-a63a-4762-93d7-e8194db618a5,0
6ddaaee5-bcee-4375-a6f3-b849d46cc53d,0
5d7bda36-bec2-4028-a89b-f472579db7c0,1
32c348a8-58da-4539-8bb9-70a8d469c51f,0
d495dbd6-fb6b-4b06-82b6-d50541d965d1,0
d21c2bb9-b299-4555-9a81-a56db7bef12e,1
def8b2dd-430b-4aef-9bc9-1942113b63ab,1
04da4af8-3e4b-43d0-94dd-97f63f2c15fd,1
3e1358df-a7c6-4cdf-9f8c-029d50012a6f,1
ffe79646-eb3c-44a9-b314-4d6925afd57c,0
870d976f-b51e-43c3-9e7d-52cf7f2f7c1b,1
8efe63fa-013a-48bf-a010-848ef64f5e37,1
6804a6ea-1fb0-428b-a35e-a2f7e45b1a92,0
ae1ed443-258c-4057-8ee1-5b231b0d2e32,1
86f90fb6-376f-4300-a20a-b551229bae3b,1
7adb542f-237c-4a40-9cfb-17f5f7e6905d,1
36db6497-d058-4227-9e79-ed115cd480b1,0
a15f9079-6632-4f6f-a50c-f7c0d4643bd7,1
cb4e4cb2-9bbe-44d9-89ea-992f19a40f1b,1
237d5e8b-8d6b-451b-b45e-236d006abf66,1
16e6f2e4-3c5e-4f79-b9e4-ebd79f939c8b,1
d2d19ce0-4e3a-4f6f-8735-b77c3e6bb94f,0
551603f4-7a71-49a8-beed-20467472767b,0
bc233119-9dfc-4e2e-bb38-c1015bb5277c,0
6a666069-9498-4cf1-9ae9-2b765b3af479,0
6936ec0d-4b7d-4f0b-980f-093bcdd12517,1
773b47ea-4d62-46e9-8e38-fa1b779d7f2a,1
0d0338a0-5d38-4f90-ad59-fe95977f32cb,1
79fed5bc-53cf-4b37-8cb6-ef5c751eaac4,0
